id;start_date;end_date;language
1;2023-11-28T11:50:34;2023-11-28T14:30:28;SPANISH
2;2023-11-28T16:50:55;2023-11-27T22:52:50;ENGLISH
3;2023-11-28T06:26:50;2023-11-28T13:31:02;SPANISH
4;2023-11-28T10:15:52;2023-11-27T22:06:20;FRENCH
5;2023-11-28T02:52:09;2023-11-28T05:06:20;SPANISH
6;2023-11-28T16:29:14;2023-11-27T23:00:23;SPANISH
7;2023-11-28T04:20:10;2023-11-28T11:30:16;FRENCH
8;2023-11-27T19:02:40;2023-11-28T08:03:44;SPANISH
9;2023-11-27T21:11:06;2023-11-27T18:02:47;ENGLISH
10;2023-11-28T09:52:42;2023-11-28T08:28:02;ENGLISH
